Point,Topics
"Learn HTML & CSS basics, including responsive design principles","HTML Basics: Tags, Elements, Attributes, Forms, Semantic HTML → CSS Basics: Box Model, Selectors, Typography, Colors → Responsive Design: Media Queries, Flexbox, CSS Grid, Mobile-First Design→ Accessibility: ARIA roles, Semantic Structure"
Master JavaScript Fundamentals and DOM Manipulation,"Core Concepts: Variables, Data Types, Loops, Functions, Scope →    ES6+ Features: Arrow Functions, Promises, Destructuring, Modules →   DOM Basics: Selectors, Event Listeners, DOM Tree Manipulation   →    Advanced DOM: Working with Forms, Validations, Local Storage"
Familiarize with Git and Version Control,"Git Basics: Repositories, Staging, Committing  →  Branching: Creating, Merging, Conflict Resolution→  Remote Repositories: Pushing, Pulling, Forking → Collaboration: Pull Requests, Code Reviews"
Learn a CSS Framework Like Bootstrap or Tailwind,"Bootstrap: Grid System, Utility Classes, Components (Navbar, Modal)   →   Tailwind CSS: Utility-First Workflow, Responsive Classes, Customization   →    Best Practices: Overriding Styles, Combining with Custom CSS"
Master React.js and State Management Using Redux,"React Basics: Components, Props, State, Lifecycle Methods  →   Advanced React: Hooks, Context API, →   Redux: Actions, Reducers, Store  →   Integration: Middleware (e.g., Redux Thunk), API Calls"
Study Advanced Concepts Like TypeScript and Server-Side Rendering (Next.js),"TypeScript Basics: Types, Interfaces, Generics    →  Advanced TypeScript: Utility Types, Type Guards, Enums →  Next.js Basics: Pages, Routing, API Routes →  Server-Side Rendering: Static Props, Dynamic Rendering  "
Build Real-World Projects,"E-Commerce Site: Product Listing, Shopping Cart, Checkout Flow  →   Dashboards: Charts, Tables, Filters, Analytics →     Portfolio Websites: Personal Branding, Projects Showcase"
Gain Certifications to Showcase Expertise,"HTML/CSS: FreeCodeCamp, W3Schools  →   JavaScript: JavaScript Algorithms and Data Structures (FCC→  React: React Developer Certification (Meta)  →   Git: Git Essentials (Udemy, Coursera)"
Apply for Internships or Freelance Work,"Internships: Target Startups, Networking, Leverage LinkedIn →   Freelancing: Create Profiles on Platforms (Upwork, Fiverr)→      Showcase: Publish Work on GitHub, Build a Personal Website → Networking: Attend Hackathons, Join Developer Communities"
